threshold,macro_f0.5
0.5,0.49062215864431247
0.525,0.49336104785188434
0.55,0.49848992112029966
0.5750000000000001,0.5022578152146735
0.6000000000000001,0.5110810001119971
0.6250000000000001,0.5160905854219763
0.6500000000000001,0.5225615079586262
0.6750000000000002,0.5293315569909457
0.7000000000000002,0.5365953843899224
0.7250000000000002,0.5423385672720448
0.7500000000000002,0.552979859411864
0.7750000000000002,0.5596551231535427
0.8000000000000003,0.5804939428300079
0.8250000000000003,0.59306798934394
0.8500000000000003,0.6165101658736811
0.8750000000000003,0.6313759285632186
0.9000000000000004,0.657573430502774
0.9250000000000004,0.6655709435623838
0.9500000000000004,0.7001417213296446
0.9750000000000004,0.7295899458734921
