source1_entity_id	matched_entity_ids
S1-708796012	S2-994438467,S2-440628035,S3-338279058,S3-335174066,S3-703951662,S3-974934575
S1-483281264	S2-135813138,S2-59557708,S2-639567176,S3-992417216,S3-246582348
S1-387694500	S2-89272121,S2-828925482,S2-960848454,S2-674345300,S3-789542813,S3-9126403,S3-469722658,S3-904486811,S3-77197957,S3-91755708
S1-973233920	S2-428307002,S3-110090880,S3-159133847,S3-792460305
S1-769172378	S2-977119232,S2-754328130,S2-713014713
S1-881535873	S2-642463929,S3-820808792,S3-235111026,S3-724794232
S1-436985273	S2-488930867,S3-150259143
S1-287666599	S2-207356341,S2-107690465,S2-594570026,S3-517645522,S3-737314411
S1-131038804	S2-655191371,S3-766103665,S3-508705806,S3-193182438
S1-338441694	
S1-635491453	S2-896610416,S2-721953959,S2-253643954,S2-80171195,S3-881939056,S3-519535235
S1-148845479	S2-480666912,S2-479448163,S2-692734123,S3-280699192,S3-685608585
S1-460033462	S2-985336551,S3-68319127,S3-280691790
S1-942301043	S2-789520489,S2-438042920,S3-932179721
S1-535787043	
S1-851769617	S2-396999126,S2-417300244,S2-98185691,S3-887912056,S3-385801783
S1-457922425	S2-481445371,S2-269716551,S3-498999007
S1-679660495	S2-622293798,S3-739172566
S1-254753234	S3-906680755,S3-975712401,S3-41563474
S1-200376709	S2-846017335,S2-335625395,S2-410397167,S3-179839544,S3-145799664
S1-709080642	S2-911469908,S3-293928507
S1-738271924	S2-84599240,S2-293548718,S2-489156069,S3-68579581,S3-466199760,S3-870702458
S1-106410807	S2-291134791,S2-15767005,S3-335984800
S1-486185859	S2-990123775,S3-64539006,S3-399313596,S3-369569928
S1-148758725	
S1-886116894	S2-829032856,S2-646106704,S3-690261725
S1-902552291	S2-194540012,S2-488102830,S3-139887225,S3-666307285,S3-856978123,S3-610687789
S1-650567133	S2-873141320,S3-897065067
S1-808699530	S2-322687598,S2-283342044,S2-790353432,S3-113801771,S3-931600380,S3-266930901
S1-943567970	S2-970285299,S2-406098865,S3-74221411,S3-87937534
S1-836764916	
S1-791737059	
S1-984247811	S2-79520940,S2-27745232,S2-873646059,S3-7115047
S1-807703451	S2-854480186,S2-153906512,S3-784007691,S3-960361557,S3-811553860
S1-661546474	S2-518882614,S2-343794246,S2-103645834,S3-131410520,S3-502864033
S1-683192018	S2-17299745,S2-42336009,S3-896234230
S1-3341015	S2-425241038,S2-429704458,S2-911594696
S1-828302204	S2-938952745,S2-33419167,S2-731610758,S2-871266650,S2-925664698,S3-673341637
S1-406806264	
S1-632812909	S2-366115309,S2-956074323,S2-819729949,S3-696445179,S3-566638184
S1-259566176	S2-592878179,S2-922578686,S3-673230550,S3-540114735
S1-297334093	S2-607256896,S2-759322045,S3-594834461
S1-173339872	S2-660125866,S2-22666991,S2-439415870,S2-72007752,S3-48514074
S1-387465863	S2-694140061,S3-769577520,S3-165486211
S1-597776332	S2-447047620,S2-104009942,S2-771904488,S3-988586101,S3-909214551
S1-545661875	S2-461316365,S3-656400487,S3-881558178
S1-417600197	S2-902738017,S2-331004801,S3-624276899
S1-529619943	S2-758808432,S2-105873936,S2-787829246,S3-348291262,S3-766881845,S3-53197449,S3-966944090
S1-67951851	S2-179748534,S3-571151027
S1-38345711	S2-327651180,S2-356741092,S3-182538726,S3-850549280,S3-115321117,S3-567674608
S1-501560459	S2-789506125,S2-592912344,S2-833693454,S3-616363789,S3-124089873,S3-267004560
S1-162399024	S2-404511060,S2-224608966,S2-657863321,S3-274088519,S3-768279542,S3-153788439,S3-428837610
S1-353226437	S2-451052460,S3-614287183,S3-927260363
S1-118036223	S2-874446348,S2-363396128,S3-248762000,S3-599808953
S1-248350153	S2-210393076,S3-808744562,S3-296165612
S1-185653319	S2-109291161,S2-612733312,S2-526048315,S3-544641132,S3-895120075
S1-185055467	S3-837363286,S3-440177952
S1-950052790	S2-453256983,S2-360405940,S2-536565419,S3-850611382
S1-247390708	S2-363906171,S3-669461346,S3-866307165
S1-474997434	S2-70330402,S2-435516715,S2-609265070,S3-343633704,S3-301746504,S3-151014372
S1-212363226	S2-910154690,S2-555095448,S3-756538645,S3-916835590
S1-233694155	S3-393766581
S1-450483598	S2-597369117,S2-751582957,S3-96708537
S1-320133533	S2-38206226
S1-319826201	S2-555667649,S3-285991851
S1-473872582	S2-316146706,S2-757783045,S2-318305318,S2-329678861,S3-654296983,S3-36562195,S3-156539895,S3-146161403,S3-901087149
S1-404137176	S2-301541740,S2-716377150,S3-701005125,S3-73331843,S3-737071756,S3-552512972
S1-53756907	S2-366744277,S2-528626910,S2-492754228,S3-936444184
S1-950704113	S2-207756282,S2-400952278,S3-185415922,S3-950945912
S1-943489412	S2-833505739,S3-462707930
S1-420915986	S2-911182333,S2-561983655,S3-485943794
S1-944519934	S2-616328253,S2-841545541,S2-233998749,S3-890735110
S1-936095007	S2-608706874,S3-998850649,S3-861025184
S1-383424767	S2-701668413,S2-548333414,S3-812021781
S1-126117113	S2-412244357,S2-589812382,S2-718287040,S3-961151947
S1-319645269	S2-126845662,S2-170123370,S3-364517484,S3-394856117
S1-629879582	S2-675889151,S2-821445856,S2-535171264,S3-984126700,S3-214386532,S3-117318892,S3-727508088,S3-78216650
S1-105632026	S2-137595140,S2-477800212,S3-235164648,S3-365729049
S1-574137829	S2-853722449,S2-185613357,S2-775472980,S3-64150339,S3-709266917
S1-394271841	S3-853528681,S3-713508036,S3-349503187
S1-89314954	S2-214747329,S2-605032703,S2-688680181,S3-288740235,S3-702592636
S1-524494649	S2-626557347,S3-704710416,S3-284925358
S1-270835520	S2-905270047,S2-325337003,S3-924606182,S3-104943889
S1-692199159	S2-901817290,S2-977212736,S3-473074803,S3-392459317
S1-648674437	S2-219572257,S2-498374890
S1-981319832	S2-280546334,S2-110275879,S3-64576444
S1-175285229	S2-219222855,S3-560421780
S1-560693098	S2-957893158
S1-135880222	S2-990054540,S3-964663987,S3-453602181
S1-716443744	S2-90368168,S3-997102330
S1-327788855	S2-584381845,S2-94590162,S2-261279497,S3-574064644
S1-310743924	S2-5120710,S3-418052034
S1-207907319	S2-644208071,S2-417596306,S3-354555831
S1-750136146	S2-936251078,S3-41787273,S3-540809616
S1-688277165	S2-288326236,S3-840127485
S1-966460762	S2-824654421,S3-210121473
S1-587000615	S2-80542057,S2-760688548,S2-679997684,S3-681366342,S3-69985909
S1-361320251	S2-568830364
S1-585720119	S2-459469021,S3-583888470
S1-536413635	S2-11707911,S3-40483533
S1-835982432	S2-998498117,S3-77278660
S1-681803897	S2-422376870,S3-378679646
S1-950144851	S2-451852108,S3-38627437
S1-731946418	S2-795546193,S3-254253010
S1-148555813	S2-419100669,S3-975102247
S1-244323995	S2-320920379,S3-369775192,S3-769732352,S3-118609573
S1-142938397	S2-235090433,S3-131679574,S3-957965308
S1-858620212	S2-103081522,S3-389658143,S3-298982115,S3-660448182,S3-469968540
S1-627912655	S2-820939646,S2-961978414,S3-595624085,S3-436348163
S1-415192963	S2-388413992,S3-622713930,S3-924961838
S1-315784075	S2-293623500,S2-320004139,S3-260033733
S1-221949446	S3-944789682,S3-948115147,S3-969454521
S1-365546572	S2-485499259,S2-704397825,S2-547716049,S3-503961111,S3-983005947
S1-5196687	S2-134408681,S2-301133754,S2-5790707,S3-406862797,S3-143215419,S3-666115078
S1-146356467	S2-209829871,S2-702508758,S3-886801203
S1-773448823	S2-355470187,S3-448005623,S3-134905132
S1-858652032	S2-327612381,S3-56598581,S3-162589912
S1-283460355	S2-572291760
S1-111821207	S2-332256352,S2-798014766,S3-503438831,S3-106635813,S3-40749945,S3-597200788
S1-171414026	S2-540998701,S3-691164547
S1-777550634	S2-148334106,S3-69946176
S1-628973791	S3-586313772,S3-567447849
S1-879116533	S2-656758689,S3-458840387,S3-879811676,S3-996657571
S1-511087107	S3-627725954,S3-85777462
S1-389832922	S2-649240822,S3-406030618
S1-566066314	S2-88402638,S3-938016092
S1-713860673	S2-821545738,S2-922468564,S3-830970679,S3-278724194,S3-636311248
S1-216329213	S3-238629635,S3-71951901
S1-821394358	S2-905320634,S2-514274884,S2-393598252,S3-161492836,S3-765101968,S3-708543256,S3-10685980
S1-984722275	S2-990541452,S2-511353540
S1-433600976	S3-867677655,S3-375138282
S1-597359174	S2-299866782,S3-105946148
S1-769926851	S2-372722323
S1-446568783	S2-873674914,S3-459512791,S3-351732894,S3-274176328
S1-618228081	S2-828143788,S2-383860161,S3-776451604,S3-391840311
S1-222086753	S2-238797588,S3-730703615,S3-308346218,S3-907293411
S1-477846117	S2-797025507,S2-677026116,S2-982834255,S3-271856745,S3-886844652,S3-380140034
S1-711611699	S2-185968101,S2-358756296,S3-17350973
S1-6418799	S2-712534839,S3-853481957,S3-687464683,S3-72794742
S1-285842810	S2-67695675,S3-690538798
S1-295235503	S2-922027929,S2-83930040
S1-338313027	S2-465015590,S2-296971036,S3-729887548,S3-137961432
S1-196773289	S2-424516214,S2-288894920,S3-821609754
S1-60719907	S3-305472472,S3-481644362
S1-699279080	S2-336201228,S2-746444750,S2-523776304,S2-24407021,S3-308772801
S1-884914796	S2-916269390,S2-498698117
S1-795205841	S2-869854200,S2-506117296,S2-578804500,S3-593278085
S1-640348004	S2-174529703,S2-797180813,S2-669047704,S3-641777860,S3-421924542,S3-793778518
S1-715300046	S2-487015489,S2-995579720,S3-836952251,S3-814776906,S3-309783772,S3-722603407
S1-128347701	S2-139085100,S3-716711477,S3-633152309
S1-12168085	S2-367692250,S2-781743004,S3-342448717,S3-886569072,S3-133052413
S1-105300779	S3-533309953,S3-580742483,S3-340017570,S3-828419420
S1-346958908	S2-923897819,S3-689580645
S1-234726232	S2-29886542,S2-530060423,S3-658656683,S3-232899500
S1-986393294	S2-275108198,S2-846177724,S3-779328271
S1-587681015	S2-688697384,S2-848934694,S2-322781238,S3-680251972,S3-364530916,S3-763650988
S1-716302868	
S1-570298720	S2-818501998,S2-796710024,S2-592970688,S3-162203631,S3-979940516
S1-134550424	S2-366078771,S2-44114323,S3-973237176,S3-48442233
S1-258997299	S2-736629115
S1-423356416	S2-744473779,S2-817718340,S3-211183082,S3-920651229,S3-353066472
S1-979544001	S2-73368939,S2-939349324,S3-35635500
S1-721734671	S3-320521984,S3-248111705,S3-208919529
S1-534340769	S2-398933855,S3-18864212
S1-685659177	S2-418635306,S2-258318709,S3-504249909,S3-462204710,S3-789139285,S3-679062933
S1-71656643	S2-305005427,S3-363237071
S1-125761692	S2-120774689,S3-705164161,S3-136458364
S1-183965821	S2-995411393,S2-190347398,S3-150577244,S3-240936502,S3-34725666
S1-897312000	S2-464305545,S3-829869368,S3-747012599
S1-382027039	S2-12414434,S2-995650671,S2-410283925,S2-650735717,S3-58049185
S1-864267437	S2-694338407,S2-539042994,S3-198709453
S1-452190618	S2-714518604,S3-838014600,S3-166403917
S1-336028803	S2-416646354,S2-554911458,S3-503542484
S1-910041461	S2-382623848,S2-509201107,S3-422421510
S1-999200406	S2-69867125,S3-29233063
S1-469164757	S2-550101540,S3-368815921,S3-554977359,S3-144679798
S1-274865327	S2-870971862,S2-951671959,S3-952111821
S1-867591839	S2-175956480,S2-515781166,S2-636326696,S3-941665463,S3-454031469
S1-136558519	S2-135260200,S3-494203628,S3-703481228
S1-388126428	S2-389590403,S3-915558477,S3-679666896,S3-464799709
S1-435659531	S2-658219893,S2-253478677
S1-673273622	
S1-668835690	S2-164721890,S2-158700602,S3-450748470,S3-563798406
S1-629105478	S2-881982527,S3-580307175,S3-99898448
S1-395078221	S2-906610372,S3-960470606,S3-393966949
S1-28212376	
S1-620120205	S2-212873735,S3-372600319,S3-767200875,S3-586469402
S1-753069502	S2-451913316,S3-792625536,S3-977645564,S3-410937368
S1-913139613	S2-318306775,S3-183669501,S3-312870428
S1-314352402	S2-209859761,S2-590930869,S2-755421449,S2-841800155,S2-809474664
S1-435862655	S2-964997844,S3-770783934,S3-349141088
S1-938218662	S2-550333537,S2-343155467,S3-52525407,S3-252479873,S3-41695439
S1-679363660	S2-93630949,S2-48319638,S2-622558605,S3-752059037,S3-577079683
S1-989596134	S3-423172788,S3-420206982,S3-499848683
S1-530648602	S2-965927221,S2-954661074,S2-397628500,S3-635643437,S3-807360362,S3-998712460
S1-532502121	S2-214339413,S2-819195093,S3-523312534,S3-581295219
S1-112218030	S2-185938697,S2-72794654,S2-30470983,S3-692335552
S1-328864149	S2-542245819,S3-393813094,S3-506450568
S1-242429762	S2-204712454,S2-476051498,S3-594152329
S1-993170331	S2-322893944,S3-104140845,S3-562462339
S1-7708018	S2-419236454,S3-944688078,S3-895977231
S1-533802013	S2-307137570,S2-321246990,S3-311770696,S3-429704483
S1-557177235	S2-134248377,S3-218895125
S1-517847092	
S1-852348870	S2-352753538,S2-192101030,S2-54927287,S3-956405133
S1-137695613	S2-225326083,S2-56351756,S3-864506654
S1-367161843	S2-653990622,S2-677023913,S2-652753029,S3-531864777,S3-45892508
S1-524117172	S2-823286277,S2-582896807,S3-684397707,S3-705427695,S3-220524434
S1-184778904	S2-975421702,S2-353304130,S2-43454293,S3-226665368,S3-582389510,S3-456851607
S1-507937064	S2-345795892,S2-453904550,S3-91917183
S1-209078690	S2-186789822,S2-707004303,S3-273679188,S3-484604096
S1-989954746	S2-968551844,S3-731080215
S1-498471101	S2-801306938,S2-640902559,S3-231932732
S1-183233338	S2-878374548,S2-164086433,S2-274090503,S3-590104947,S3-412546265,S3-857023536
S1-142852144	S2-603792500,S2-451590019,S2-719101129,S2-118872161,S3-863869425,S3-95759940
S1-363701210	
S1-126421243	
S1-533396893	S2-85569925,S3-979249734
S1-181345207	S2-889754687,S2-286879111,S3-373149058
S1-980310157	S2-499061523,S3-137606382,S3-740580141
S1-732397047	S2-704127819,S2-829285569,S3-164773676,S3-92141718
S1-4898299	S2-304774207,S2-837904888,S3-515933535
S1-886655066	S2-748494064,S3-33119923,S3-279754329,S3-727055878,S3-621480972
S1-783435443	S2-841331553,S2-192295307,S2-745783705,S2-120471244,S3-391867578
S1-909251632	S2-279123772,S2-403511244,S2-202611002,S3-303211797
S1-275734532	S2-718593886,S2-525496774,S3-773698613,S3-541969308,S3-855067784
S1-800549214	S2-745668622,S2-381476258,S3-593805711
S1-995499372	S2-160547521,S2-547529112
S1-504095310	S2-445200890,S3-602539014,S3-608164936
S1-277361323	S2-908676791,S2-163456516,S2-446428398,S3-812665989,S3-551002123
S1-379861380	S2-977009170,S3-274834531
S1-703565737	S2-227859544,S2-589915575,S2-300550531,S3-240267700
S1-595488365	S3-109022262,S3-940776409,S3-50251678,S3-322466695
S1-516946648	S2-721679979,S2-713947133,S3-937560210,S3-427022581
S1-590310220	S2-175266830,S2-404193491,S2-684835489,S3-685812516
S1-679761837	S2-422508942,S2-657186185,S2-728922832,S2-742385007,S2-203453877,S3-209523811,S3-602421474
S1-234572442	S2-972505815,S2-141193434,S2-999039380,S3-848456627,S3-650412795
S1-991361913	S2-372805495,S3-769777885
S1-869471354	S3-968004508,S3-725060632,S3-541640206
S1-415851596	S3-666576579
S1-66900598	S3-127843853
S1-133685020	S2-211375639,S2-200757942,S2-593025931,S2-399382718,S3-207108221,S3-693242563
S1-148375950	S2-945291056,S2-782337156,S3-659651376
S1-3878929	S2-245245772,S2-44443983,S3-29647191,S3-713060859
S1-653905111	S2-981232991,S2-802565849,S2-481695699,S2-475345061,S3-185330381
S1-916755050	S2-268246194,S3-6849128,S3-29232639,S3-625020170
S1-567359529	S2-927951812,S2-873532012,S2-3522459,S3-113381426,S3-457566601
S1-916926941	S2-333112042,S2-194493611,S2-53442707,S3-480892438,S3-104178756
S1-48832342	S2-278394894,S2-957230680,S3-366072636
S1-307966051	S2-800896238,S3-993220154,S3-512146582,S3-524052956
S1-412486446	S2-610051437,S2-537688787,S2-356215534,S3-63999491,S3-666082277
S1-165337369	S2-836242836,S3-72290939
S1-862765599	S2-746376847,S3-145016041
S1-999178930	S2-227181601,S2-513152679,S2-384546159,S2-40286822,S3-401648290,S3-666690656,S3-176248696
S1-518612349	S2-600283229,S2-470530085,S2-687781080,S3-16758209,S3-372989632,S3-708961542,S3-217650639
S1-811874886	S2-734042161,S2-994229374,S3-794904982
S1-628816949	S2-469422663,S2-361061783,S2-517405031,S2-813400120
S1-854295433	
S1-875162659	S2-678820443,S2-843228112,S2-114315446,S3-961340787,S3-923232272,S3-956173950,S3-871049273
S1-574649590	S2-317776266,S2-761808971,S3-940147037
S1-631050308	S2-866161516,S2-499957861,S3-74384606
S1-542761267	S2-57351306
S1-430651012	S2-720782583,S3-225809960,S3-354767888
S1-11414769	S2-54734455,S2-292396552,S2-531373116,S3-625993511,S3-763763782,S3-243843889
S1-440388528	
S1-5190706	S2-952924847,S2-859999694,S3-614206528,S3-914494528
S1-876040813	S2-35346141,S3-756921380,S3-474598403,S3-931450929
S1-886602086	S2-602904740,S3-260615697,S3-634731588
S1-101751465	S2-792346626,S3-72983753,S3-25971142,S3-329221784
S1-961987984	S2-94827535,S3-998914884,S3-133677847
S1-622519610	S2-611052148,S2-72516972,S2-921615624,S2-491128448,S3-201717603,S3-466887847
S1-199785151	
S1-415180389	S2-51398373,S2-603553674,S2-323936987,S3-146086951,S3-12432380
S1-243314777	S2-883152329,S2-678761294,S3-583233879
S1-566200765	S2-622420066,S2-485602265,S3-951208779,S3-877097773,S3-112288656
S1-399341291	S2-139246334,S3-574294794
S1-512612852	S2-650208750,S2-685774070,S3-879422417,S3-928154157
S1-814782756	S2-477401554,S2-471418061,S2-333129298,S3-253500312,S3-500361277
S1-926201382	S2-792768234,S2-700412650,S3-303873071
S1-619379480	S2-970119174,S2-417591541,S3-828375222
S1-577171185	
S1-374107867	S2-67797129,S2-645487953,S2-430049862,S3-237839856,S3-378888058
S1-521677489	S2-381915539,S3-627961204,S3-677114892,S3-105743355
S1-765672232	S2-810713144,S2-702045296,S3-792977145,S3-46214755,S3-180504255
S1-470280256	S2-919151745,S3-202422753,S3-663388634
S1-571223052	S2-311189871,S3-474364900
S1-206759073	S2-33414786,S3-869551106
S1-940210651	S2-759947909,S2-327423781
S1-299266160	S2-281754462,S2-914887201,S3-679033935,S3-392972587,S3-294627624
S1-928738219	S2-860238547
S1-254508878	S2-580352677,S2-515634787,S2-198790392,S3-190144541,S3-391844914
S1-128371212	S2-784157754,S2-606849229,S2-418020551,S3-159587196,S3-155779925,S3-620770492,S3-840915500
S1-342925050	S2-230059101
S1-180460095	S2-590392495,S3-629313619,S3-238370617
S1-42442797	S2-83134538,S2-879133409,S2-590771023,S3-513715661
S1-769738967	S2-190871180,S3-598789666,S3-57431396,S3-610890141
S1-136645823	S2-177243070,S3-525349229,S3-415067361,S3-369163500
S1-772849303	S2-106859674,S2-381464280,S3-967154833,S3-618492163
S1-578730300	S2-14389982,S3-301028061,S3-271886558
S1-345196819	S2-597078071,S2-799388055,S2-349088303
S1-548586587	S2-14140095,S2-23739673,S3-888108305
S1-737887933	S2-803436033,S2-607286494,S3-428768238,S3-241964872,S3-633312909,S3-398099995
S1-361953076	S2-584957377,S3-860167693,S3-324660080,S3-770216050,S3-147502768
S1-780783872	S2-791952836,S3-128667033,S3-743875688,S3-838395535
S1-273270705	S2-865620568,S3-540535651,S3-551527799,S3-845031499
S1-207408931	S2-624552401,S3-587519244,S3-276314707
S1-499321293	S2-64032138,S2-771827138
S1-497414596	S2-544938620,S2-654428445,S2-289676958,S3-723599657,S3-700512504,S3-150680374
S1-819491897	S2-31648246,S3-738683382,S3-458120613,S3-482057052,S3-388254855,S3-181144000
S1-400911087	S2-248546725,S3-369168848,S3-921475473,S3-229337347,S3-153046583
S1-140513036	S3-610020369
S1-812782218	
S1-241191472	S2-335488397,S2-521816829,S3-714044306,S3-641020620
S1-47282090	S3-816981414,S3-708888287,S3-220251304
S1-384483467	
S1-136065309	S2-777872977,S3-939361947
S1-336003188	S3-578510803,S3-843055390,S3-247953235
S1-487519243	
S1-424167141	S2-184221707,S3-304191326
S1-377428900	S2-259559133,S3-746651276,S3-651738393
S1-514064578	S3-760044485,S3-538112140
S1-382935130	S3-570083953,S3-308204609
S1-358965330	S2-370264249,S2-791578053,S2-201859161,S3-966882293,S3-992195795
S1-158849016	S2-872963773,S3-323384959,S3-589704875,S3-621339661
S1-64448840	S3-613780440
S1-457419219	S2-266616578,S2-442766551,S2-49445416,S3-379821869,S3-849132928
S1-353329680	S2-104692651,S3-383966023,S3-434715192
S1-214127768	S3-695743992,S3-599466366,S3-488946564
S1-885189484	S2-599571092,S3-572661526,S3-946530210,S3-152215596
S1-129181665	S2-416110353,S2-877842499,S2-900531009,S2-987313457,S3-989337973,S3-826766137
S1-860552667	S2-432116010,S2-100716249,S3-19353170
S1-211467924	S2-788828266,S2-219523782,S2-637152678,S3-697222600,S3-997347183,S3-789560919
S1-550387283	S2-734454010,S3-591208933
S1-856118027	S2-587123068,S3-481934585,S3-272154011
S1-749795397	S2-456827212,S2-530102879,S3-161239068,S3-870775232,S3-208904444,S3-489134348,S3-373647967
S1-419811934	S2-486679819
S1-80420651	S2-883837692,S2-265747728,S2-640256898,S3-424764878,S3-915570724,S3-715198058
S1-425699411	S3-788873206,S3-462280438
S1-417276579	S2-583216651,S3-374808736,S3-222508823
S1-936449603	S2-433459947,S2-905855150,S2-449712944,S3-965594564,S3-548985259,S3-856477704
S1-780497967	S2-589247521,S3-540469386,S3-304676890,S3-580360521
S1-462517492	S2-331083976,S2-632749981,S2-795226323,S3-642515219
S1-134011988	S2-895722743,S2-222444641,S3-90394674,S3-611581589,S3-605431432
S1-498551945	S2-934013811,S3-161788382
S1-597262520	S2-291306183,S3-178294160,S3-110284060
S1-863025141	S2-420842425,S3-55006267,S3-446250007,S3-136218983
S1-875184945	S3-285375345,S3-288978985,S3-585979228,S3-749323257
S1-485645486	S2-29507530,S3-74567806,S3-69552943,S3-197442024
S1-45066700	S2-23139372,S2-516382621,S2-977756119,S3-82549619,S3-688467333,S3-866041575,S3-917160793,S3-383115136
S1-649683405	S2-389460209,S2-644216792,S2-186695574,S2-867682336,S3-246582726
S1-722470541	S2-574144383,S3-696098583
S1-89515542	S2-962076866,S2-678391041,S2-833196944,S2-498569785,S3-570033292,S3-136840549
S1-155025322	S2-720124786,S2-550739373,S3-725722380,S3-433685986
S1-725115887	S2-322383807,S2-589394553,S2-989814102
S1-551308687	
S1-796893243	S2-721098478,S3-693400686,S3-836078434
S1-920473387	S2-507462156,S2-239007768,S2-871515473,S2-432118563,S2-181238929,S3-458850850
S1-912818025	S2-959108417,S3-707239231,S3-790993238
S1-321114134	S2-634467002,S2-515851080,S3-467263941,S3-763976752,S3-16506689
S1-124334903	S2-148810347,S3-112040594,S3-661959082
S1-484701345	S2-323020547,S3-429312256
S1-538846322	S2-403925239,S2-790116947,S3-678104418,S3-222960970,S3-401579117
S1-147533213	S2-378955684,S3-982583297,S3-271035315
S1-502008687	S2-838862877,S2-762079224,S3-71949748,S3-612743115
S1-746902161	S2-271275499,S2-134417059,S3-697715465
S1-891230171	S2-397168392,S3-183932676,S3-882333581
S1-290423065	S2-426729556
S1-325507054	S3-644390055,S3-859374995
S1-899547494	S2-651559416,S2-67975275,S2-718629340,S2-698506728,S3-541962590,S3-184061998,S3-294460018
S1-779796384	S2-805816204,S3-562894348,S3-830064431,S3-754465294
S1-136682815	S2-906880178,S3-893012247
S1-265022480	S2-13676322
S1-231418920	S3-50771542,S3-962812454
S1-933678531	S2-340268506,S2-531131880,S2-502332112,S3-993805416
S1-323094864	S2-103424718,S2-741673907,S3-817912549,S3-111479406
S1-65599488	S2-562569847,S2-876609308,S2-521160407,S2-716596354,S3-789423106,S3-462574528
S1-913438094	S2-19423138,S2-636821776,S2-500577191,S3-340162227
S1-105568631	S2-743200797,S3-686929711
S1-75867723	
S1-353270376	S2-823717984,S2-805587632,S3-858203235
S1-263027135	S2-665225359,S2-750991020,S2-468504790
S1-213245163	S2-447286650,S2-891270651,S2-941381447,S2-239936934,S3-614555064,S3-778180018
S1-966175337	S2-324177456,S2-341418964,S3-334032644
S1-190540749	S2-740478936,S2-718945971,S3-131123179,S3-646741391,S3-80067275,S3-944863302
S1-82599979	S2-871176778
S1-633969517	S2-39916782,S2-279242132,S2-487303433,S2-179045245,S2-284505962,S3-680266124
S1-347749340	S2-839235998,S3-884904146
S1-337610024	S2-780871801,S2-117245732,S2-12744396,S3-392336307,S3-631113514
S1-490930374	S2-572489840,S2-606466755,S2-661130558,S2-33191065
S1-925923188	
S1-487525977	S2-138649213,S3-551739310,S3-951946173,S3-255273406,S3-542174528
S1-745842718	S2-682455076,S2-345261200,S3-973026628
S1-771172159	S2-861189454,S2-810413558,S3-644506879,S3-336719167
S1-79096476	S2-859377290,S2-244900951,S3-242506630
S1-418342318	S2-562229782,S3-258109980,S3-436472566
S1-704399480	S2-486936466,S2-687657964,S2-576937800,S2-706668091,S3-81182409
S1-818713025	S3-27288181,S3-480669879
S1-721601784	S2-597831518,S3-593035426
S1-469964087	S2-435343987,S3-268702037
S1-891647906	
S1-690194754	S2-889539631,S3-304349071,S3-150645702,S3-340099104,S3-979746543,S3-633063278
S1-364278625	S2-812990570,S3-195753403,S3-569635262,S3-904407084
S1-846782296	S2-449806500,S2-248902730,S2-454020346,S3-17653713
S1-504681183	S2-163420451,S2-164378413,S2-372451405,S2-904463401,S3-334626285,S3-936228903
S1-814895902	
S1-652573511	S2-403554769,S2-668343816,S3-687457603,S3-924061772,S3-920936982,S3-409291619
S1-77837577	S2-130068372,S2-887010838,S3-710222541
S1-426015027	S2-447160838,S2-225564925,S3-563814118,S3-463004657
S1-363688745	S2-372542366,S2-377943044,S2-443007871,S3-266489241,S3-331357854
S1-769465120	S3-864735395,S3-675653264,S3-568374397
S1-420494522	S2-869381926,S3-432250519
S1-32509364	S2-897588117,S3-600098150,S3-555534865
S1-157050918	S2-104778366,S2-879470389,S2-807913867
S1-704160920	S2-799562267,S2-816474863,S2-486910485,S3-6535991,S3-282066856,S3-790195808,S3-918869981
S1-498774333	S2-95322785,S3-543872917
S1-9348576	S2-579848319,S2-817153231,S2-597780726,S3-474756511,S3-998540856,S3-921472819,S3-650604780
S1-703030279	S2-809206123,S3-263683364,S3-894614382,S3-593464912
S1-752064522	S2-666912261,S3-319807648
S1-499715258	S2-736457205,S2-679360506,S3-75457718,S3-733624807
S1-299581036	S2-370726081,S2-899980778,S2-560219989,S3-288684211,S3-933216352
S1-312021607	S3-210854502
S1-322711427	S2-63197126,S2-800985288,S2-152684826,S2-927871161,S2-999176440,S3-93920943
S1-657140344	S2-76048810,S2-931237415,S2-355126330,S3-527347904,S3-276985849,S3-272376151,S3-95737271
S1-58952647	S2-840412887,S2-781127862,S2-733866857,S3-896331675,S3-662874588,S3-801795207
S1-51166377	S2-942122981,S3-57148523
S1-466701080	S2-172670655,S2-792516556,S2-852765186,S3-123629583,S3-525902826
S1-4700987	S2-328638679,S2-874327912,S3-595741741
S1-453191549	S2-14718245,S3-703543682,S3-42284686,S3-91831376,S3-847741743
S1-777055024	S2-497357509,S2-854148505,S2-573280019,S2-272307943,S3-121735376,S3-238641345
S1-213296621	S2-539202354,S2-335321256,S3-633478589
S1-976521542	S2-881628067,S2-416752469
S1-117566641	S2-755456712,S2-107286604,S3-528687559
S1-652500702	S2-413644083,S3-963159895,S3-580032269,S3-12542903
S1-866107291	S2-547351777,S2-20102104,S2-637744180,S2-676596749,S3-688990464,S3-262787266
S1-737260204	S2-102696176,S3-561710025
S1-602704013	S2-984966159,S3-871057874
S1-144559035	S2-107645315,S3-516725001,S3-832218252,S3-823722582
S1-650449101	S3-542950856
S1-960676757	S2-623630061,S2-832025264,S3-832154174
S1-114807777	S2-958154710,S2-285205491,S3-2509460
S1-768534635	S2-626226436,S3-417487007
S1-970660281	S2-275282537,S3-709350824,S3-36272058
S1-42520307	S2-465329479,S3-61904933
S1-331775081	S2-54666800,S3-638017097,S3-814337744
S1-283911780	S2-490040024,S3-111625027,S3-147662040,S3-305613604,S3-867353355
S1-846803620	S2-404321397,S3-208548767,S3-835459725
S1-152598402	S2-917802836,S3-418048664,S3-630680360
S1-80032477	S2-806080392,S2-94048580,S3-283973370,S3-328456132
S1-832858750	S2-765630661,S3-59048195
S1-934961508	S2-497378998
S1-562380004	S2-623558996
S1-698879440	S2-896399984,S3-5649847,S3-541544608
S1-568388680	S2-906569218,S2-21869669,S2-595195390,S3-967594043,S3-411414912,S3-987899416
S1-19291866	S2-73050882,S2-926092551,S3-633720692,S3-303989554
S1-967322290	S2-852466708,S2-273169968,S3-388285280,S3-770240632
S1-492194060	S2-269733473,S2-736773802,S2-968354712,S3-990509220
S1-19778635	S2-179306069,S3-287928641,S3-261088983
S1-149880375	S2-416061148,S3-334053740
S1-534804733	
S1-418342727	S2-866552610,S2-278071827,S2-750810669,S3-519251944
S1-466989811	S2-638398370,S3-463522191,S3-330183870
S1-783113789	S2-154118058,S3-664397539
S1-437984710	S2-99292639,S2-85627128,S2-926097421,S3-220437701,S3-541468279
S1-437186135	S2-37841577,S2-33821500,S2-925382567,S3-101892454
S1-692697113	
S1-348739044	S2-149870688,S3-665236884
S1-918330984	S3-846872157,S3-940381449
S1-256455222	S2-543199,S3-340029042,S3-205146017
S1-694847756	S2-155573259,S3-201841651,S3-814939224,S3-572189962,S3-363513039
S1-800635366	S2-473116832,S2-642046296,S2-904547232
S1-913027716	S2-734292425,S3-232305418
S1-47165380	S2-380414008,S2-795379016,S2-751327112,S3-1775016,S3-114963220,S3-329400003
S1-275305165	S2-187184359,S2-284753192,S3-244892194,S3-146030424
S1-461441027	S2-901011022,S2-312406062
S1-294310645	S2-499753189,S2-684910812,S2-987991479,S3-578239771,S3-640882954
S1-826284927	S2-568917628,S3-857095316
S1-761226068	
S1-801681033	S2-972506404,S3-580165087,S3-125324430,S3-388452275
S1-780105093	S3-284814280,S3-953760186
S1-408998966	S2-301909463,S2-668167272,S3-720783284,S3-198787997,S3-261053818,S3-860361076
S1-258419186	S2-93019010,S3-285523915,S3-339137006
S1-733516844	S2-256462815,S2-860525097
S1-15901918	S2-834574210,S2-509644971,S2-964195849,S3-294847505,S3-449922296,S3-847842823,S3-466453699,S3-850129139
S1-26315875	S2-128486578,S2-102231888
S1-882433798	S2-272255185,S3-858149353,S3-416098608
S1-903802606	S2-658081981,S2-670613315,S3-747475644,S3-9091190
S1-502026142	S2-993157893,S2-800004242,S2-712257810,S3-941792093,S3-614535979,S3-27182324
S1-679161365	
S1-863356564	S2-675375812
S1-500863465	S2-405128727,S2-309372983,S3-703644969,S3-179046211
S1-989202611	S2-854044958,S2-403677246,S2-151632995,S2-8625245,S2-891576542,S3-487022983,S3-869269573
S1-501424226	S2-883675052,S3-82227381
S1-5985280	S2-712592559,S2-827188874
S1-531561977	S2-292461495,S3-191408868,S3-183524878,S3-677911364,S3-895017608,S3-65393557
S1-986380835	S2-68788472
S1-491641613	S2-844468416,S2-538252662,S3-231303629
S1-536631961	S2-891265006,S3-22579956
S1-362026428	S2-906551646
S1-234601663	S2-780351419,S2-465601855,S2-696956527,S2-589655609,S3-467306622,S3-822896786,S3-76365789,S3-297736855
S1-252878852	S2-725560667,S2-715542469,S3-970273722,S3-700469216
